1,Tasia,Harring,316-411-7522
2,Leandra,Yeowell,308-966-1486
3,Annetta,Fundell,246-453-8218
4,Veronica,Spadari,410-604-4458
5,Oona,Kobiela,495-372-2501
6,Elicia,Longstaffe,653-603-0448
7,Aliza,Raccio,682-210-3190
8,Thorn,Lammers,754-596-3908
9,Sander,Jaan,358-344-4231
10,Regan,Walne,977-823-2059
11,Meggie,Colborn,997-761-9353
12,Elladine,Beeton,129-594-9660
13,Cosmo,Alebrooke,847-506-1643
14,Chrissy,Borchardt,729-413-0930
15,Rudolfo,Buff,473-234-0882
16,Jimmie,Markie,782-539-2228
17,Claiborne,Sleaford,250-595-4456
18,Manny,Ayliff,990-460-7349
19,Ula,Feore,699-635-8423
20,Sofia,Fantonetti,745-399-4603
21,Jozef,Hatherley,722-206-8102
22,Rowena,Selbach,709-317-8657
23,Justino,Lamberto,157-509-2049
24,Ignace,Crowcombe,810-523-1354
25,Morna,Cordie,626-281-0812
26,Donal,Layfield,662-211-3992
27,Seumas,Grzegorecki,726-920-0412
28,Vasily,Denty,109-895-0642
29,Emylee,Bruntje,523-269-8579
30,Felipe,Taphouse,311-643-6604
31,Cecil,Maciaszczyk,170-818-8718
32,Isis,Foley,106-216-9940
33,Gwenette,Pegler,764-704-0366
34,Nichols,Desquesnes,215-530-8020
35,Sosanna,Vales,102-675-7294
36,Bordy,Roget,863-138-9710
37,Morly,Kingaby,544-426-6062
38,Sallee,Dowsett,685-120-3359
39,Carlyle,Romanin,256-385-6788
40,Morgen,Pineaux,796-924-6067
41,Margarita,Farren,701-380-7129
42,Malia,Ghione,414-957-7668
43,Sayre,Farington,691-906-0049
44,Kania,Moulden,170-648-4940
45,Ruth,Fleg,505-931-3876
46,Neel,Rustich,843-203-0005
47,Kora,Castillou,273-491-9027
48,Aubrey,Grayley,584-593-3246
49,Guy,Leber,901-871-3336
50,Mortie,Ogelbe,384-968-9767
51,Morissa,Matschoss,495-566-3564
52,Gayel,Stallworthy,247-181-5832
53,Quillan,Tregust,629-258-3224
54,Mandi,Cherry,483-258-8524
55,Aloysia,Critoph,203-364-8752
56,Zack,Allaway,222-596-5914
57,Kaja,Hinchshaw,158-288-9192
58,Barrie,Marson,275-730-0382
59,Neil,Illwell,803-758-7860
60,Hettie,Browett,463-360-5921
61,Constanta,Murrie,374-931-5809
62,Kristy,Barefoot,458-472-2869
63,Bunnie,Bradneck,669-319-3228
64,Barnabas,Boanas,732-294-1938
65,Bax,Luciano,652-360-4031
66,Mirilla,Deem,740-329-1104
67,Guilbert,Gabbitus,851-991-9389
68,Anjanette,Gott,336-271-0512
69,Leone,Curston,462-982-1137
70,Adriena,Anthoin,646-953-5222
71,Caye,Huntingdon,406-154-7875
72,Anthony,Mitskevich,887-801-7477
73,Tristan,Brickett,942-146-4693
74,Martita,Swannell,633-390-0752
75,Sunshine,Oby,443-537-5977
76,Kyle,Scammell,834-835-1875
77,Sibbie,Eaken,921-179-6268
78,Ursala,Strotone,809-926-3368
79,Enos,Turland,430-857-5403
80,Maximo,McAllen,650-683-5192
81,Bing,Lennon,989-262-3431
82,Benoite,McMeyler,258-950-2636
83,Maisie,Giannazzo,325-593-6804
84,Alyce,Bloxland,753-279-4588
85,Benny,Swateridge,847-352-1079
86,Doria,Dowson,774-889-2978
87,Barrie,Nappin,210-140-8692
88,Alistair,McVey,822-590-7630
89,Nonnah,Hallmark,848-796-9189
90,Rayna,Slator,607-152-8246
91,Shel,Staynes,313-758-8646
92,Elbertina,Vern,369-397-9495
93,Zilvia,Pembery,127-328-3554
94,Nevins,Adelsberg,652-504-0557
95,Aland,Skittrell,354-255-8101
96,Marketa,Grant,357-579-1466
97,Minda,Binford,161-188-0047
98,Rana,Durak,664-603-9715
99,Sarina,Burnet,978-449-5495
100,Filippo,Abrahmer,785-755-7452
101,Ken,Cothey,270-619-8156
102,Whitby,McPaike,919-455-1971
103,Willette,Sedgebeer,132-727-3133
104,Emili,Lars,557-628-9189
105,Kass,Elcome,242-702-6947
106,Arlana,Gierck,251-665-0641
107,Jenifer,Matussow,589-522-9091
108,Melly,Hallford,455-967-2326
109,Bear,Rickaert,168-691-3815
110,Auroora,Martello,140-487-9856
111,Melesa,Algeo,560-112-8945
112,Christel,Brobyn,626-952-8953
113,Laraine,Reinhart,822-253-8082
114,Johnathan,Kubasiewicz,304-927-0057
115,Mathilde,Kleinpeltz,240-933-1417
116,Janaye,Halwell,255-423-9691
117,Rudolf,Blagdon,831-335-8753
118,Tammi,Bummfrey,631-822-1827
119,Adrienne,Tregidga,276-683-2076
120,Emanuele,Goom,493-561-5981
121,Viva,Cabrer,195-134-8650
122,Marwin,Rosendorf,136-440-9387
123,Rouvin,Nangle,803-582-7683
124,Dee dee,Woolner,404-930-2030
125,Katrinka,Standage,717-436-1178
126,Loren,Manders,972-419-8624
127,Janetta,MacEllen,819-795-2836
128,Jasen,MacKimm,749-928-9867
129,Sacha,Klaaasen,812-949-3724
130,Demetre,Peterffy,820-149-0766
131,Jaime,Phippin,298-110-9209
132,Evania,Libbey,967-447-5896
133,Shane,Roff,985-470-3766
134,Noel,Cleve,680-561-9074
135,Tamas,Jenner,177-785-2952
136,Jordana,McMorran,833-655-8051
137,Ashton,Lashley,414-250-1156
138,Rosie,Plott,854-479-1475
139,Marjy,Augur,907-689-8353
140,Rodrique,Roston,414-689-2495
141,Perkin,Gendrich,694-204-1735
142,Adiana,Booth,893-769-6851
143,Tod,Stuke,120-458-8842
144,Pancho,Arrowsmith,824-258-3813
145,Imelda,Ancell,177-828-4487
146,Iolanthe,Bouzek,679-739-6425
147,Lockwood,Raimbauld,780-891-3131
148,Dewain,Barszczewski,287-181-4556
149,Marguerite,Bowstead,101-211-8718
150,Dalis,Klaessen,849-352-5643
151,Deanne,Sprason,512-901-7978
152,Sergeant,Papez,529-859-1776
153,Rupert,Readmire,439-482-6306
154,Regan,Farreil,707-555-9529
155,Glyn,Delion,522-139-4905
156,Zebulon,Girardey,992-328-2670
157,Lanna,Tomney,798-133-5639
158,Carlotta,Matyushkin,442-240-5388
159,Lin,Quinion,730-223-6050
160,Iolande,Ciotti,533-909-2443
161,Raoul,Blader,208-483-0302
162,Tessie,Stirland,174-981-1082
163,Salmon,Rakestraw,132-125-6121
164,Thornie,Greenhow,658-881-8346
165,Gabbie,Broun,331-922-8522
166,Erl,Caddell,428-814-6543
167,Helen,Cormode,247-442-6126
168,Juditha,Barbery,207-608-0970
169,Dixie,Bolino,808-621-3868
170,Davina,Easum,582-501-8989
171,Currie,Catonne,384-126-6921
172,Noelyn,Hasling,515-349-3511
173,Roseanna,Cesconi,686-821-0542
174,Jocelyn,Mikalski,240-217-8406
175,Kelcy,Shortcliffe,570-493-9173
176,Stephenie,Beams,736-747-4886
177,Ingmar,Seagood,526-638-9079
178,Errick,Candey,800-486-2141
179,Euphemia,Matis,990-861-9395
180,Lindsay,Gonsalvez,582-653-4846
181,Sherline,Ballham,213-987-0786
182,Lois,Rippon,793-925-4641
183,Lise,Kasher,218-158-4336
184,Evanne,Dade,241-729-5486
185,Valdemar,Moakler,326-782-2285
186,Helyn,Charlton,466-185-3994
187,Sharron,Nangle,435-659-7764
188,Wallis,Bicknell,509-871-9510
189,Crista,Cornilleau,147-693-6357
190,Charo,Itzakson,252-827-4820
191,Lindi,Stevani,627-613-4200
192,Glyn,O'Carmody,783-677-2517
193,Guido,Swansbury,159-549-9297
194,Bartolomeo,Baird,113-325-8699
195,Gustavo,Hilbourne,195-969-7026
196,Lexine,Phippin,492-311-5701
197,Rutledge,Nazaret,811-223-5574
198,Honoria,Bertie,958-719-6309
199,Lane,Austick,862-253-0821
200,Olenolin,Miall,455-937-8861
201,Niels,Bonnette,485-797-2998
202,Gottfried,Ruggier,462-330-4974
203,Elisabeth,Cowdery,815-660-9417
204,Bernita,Colville,364-707-9131
205,Kaile,Tumbelty,304-965-9195
206,Neile,Nardrup,775-744-6090
207,Ermentrude,Babin,539-620-8291
208,Goraud,Menichino,742-134-0919
209,Bianca,Fratczak,758-679-4180
210,Elmer,Rossi,539-501-0831
211,Belita,Paulitschke,755-478-2226
212,Norean,Gleader,483-305-4658
213,Katine,McGown,253-567-9716
214,Bonnie,Bertouloume,724-279-1551
215,Barde,Mathias,385-501-4077
216,Niel,Yepiskov,570-737-6802
217,Joelynn,Lackey,536-617-5980
218,Rosaline,Sharphouse,466-652-2107
219,Marleah,Bradder,512-483-4887
220,Vivie,Purvis,588-241-0107
221,Kamillah,MacInherney,227-770-9642
222,Shandie,Sobey,725-572-5655
223,Chelsea,Suart,795-530-8147
224,Leigh,Beran,908-832-9258
225,Blinny,Magnus,256-541-1579
226,Brittni,Millichip,489-585-7098
227,Jodie,Wais,556-717-2355
228,Artur,Schiementz,633-421-1986
229,Antonella,Sorensen,242-416-6558
230,Wash,Kaminski,958-750-0195
231,Zorah,Windrum,100-463-3683
232,Charlton,Pavkovic,186-386-8430
233,Griff,Andryszczak,640-990-4046
234,Valentijn,Goose,752-627-8973
235,Lexie,Pynn,388-780-8651
236,Marina,Pardoe,801-101-9322
237,Madge,Eplate,342-911-4486
238,Salaidh,Juleff,607-209-9488
239,Esta,Fearby,916-949-8753
240,Konrad,Orrock,886-326-2417
241,Marianna,Capsey,107-530-6076
242,Binny,O'Donnell,913-477-7651
243,Ellen,Farahar,308-729-2143
244,Gerhardt,Moneypenny,365-420-9920
245,Rabbi,Fourman,743-261-2034
246,Bastian,Hains,729-122-8864
247,Simona,Whitworth,377-136-4128
248,Wake,Hourihane,609-594-0110
249,Rolando,Formigli,232-453-2294
250,Carlin,Patters,377-734-1694
251,Bradford,Stonbridge,286-242-6338
252,Brion,Madge,102-868-0361
253,Raul,Pipping,566-399-4257
254,Frazier,Geddis,503-603-2373
255,Julie,Albrooke,173-209-4054
256,Jamey,Sartin,917-562-0646
257,Theobald,Lorinez,752-244-8194
258,Jaquenetta,Chanson,473-714-2254
259,Xenos,Magner,893-674-7350
260,Elfreda,Warcop,119-131-0307
261,Arne,Kingdom,417-171-2981
262,Anatollo,Works,850-331-8797
263,Veda,D'Antonio,582-651-4718
264,Yolanthe,Cree,877-330-4370
265,Lorita,Pears,121-685-4270
266,Barnaby,Slayton,629-544-1545
267,Darsie,Work,704-763-8180
268,Melantha,Shellcross,652-447-6116
269,Sybille,Hadden,533-855-6875
270,Forster,Caulier,955-646-3191
271,Julianne,McWhan,404-622-4400
272,Lorinda,Saunder,505-835-6286
273,Pansie,Ancketill,732-121-0585
274,Yvonne,Arni,174-210-1562
275,Alfreda,Mayor,727-620-4836
276,Curtice,Leys,649-126-1148
277,Loella,Shaul,529-211-1985
278,Pablo,Barkus,703-309-9894
279,Bruno,Leftley,248-171-7517
280,Chloette,Klais,573-463-9059
281,Katine,Grundy,113-502-4916
282,Pollyanna,Caughey,722-669-6138
283,Maryanna,Gerardet,738-506-7475
284,Novelia,Tissier,570-331-1671
285,Gian,Portingale,422-135-9247
286,Ezequiel,Szymanowski,750-294-8366
287,Adolf,Tolworthy,650-544-9755
288,Lorrayne,Ennor,781-324-8103
289,Tammy,Rankin,141-541-3247
290,Dotti,Grolle,991-288-5788
291,Sophronia,Scaddon,658-362-7845
292,Armstrong,Headland,690-670-9819
293,Mead,McMains,152-561-6151
294,Reggie,Purchall,763-682-8802
295,Darleen,Ruppel,813-159-8239
296,Tann,Stowte,444-990-5276
297,Hans,Kempshall,724-157-6123
298,Veriee,Simes,342-138-1451
299,Fields,George,112-414-1069
300,Culley,Dearnly,214-603-5218
301,Gilly,McLevie,848-840-9194
302,Diann,Mincini,794-894-1012
303,Lowell,Mulberry,742-852-9155
304,Scarface,Punter,723-234-5351
305,Pepillo,Chalcot,394-795-0897
306,Greer,South,712-878-0473
307,Lee,Healks,569-226-2709
308,Gretel,York,559-614-5112
309,Hetti,Stoltz,668-412-9220
310,Monah,Meysham,102-930-2792
311,Raymund,Verdey,523-554-3250
312,Becki,Mugford,690-853-6478
313,Livia,McKyrrelly,698-948-4173
314,Penn,Marcum,577-539-9726
315,Sapphire,Woolatt,274-164-5857
316,Omar,Prior,254-165-7578
317,Errol,Humphery,723-127-1046
318,Willey,Pennetta,976-590-4693
319,Nancee,Haeslier,246-996-9371
320,Adelle,Schanke,807-419-9065
321,Peirce,Lount,664-258-7466
322,Devlin,Meriton,719-279-4983
323,Olly,Osbiston,425-127-7751
324,Alexina,Blow,167-326-6658
325,Cecil,Saberton,482-798-0676
326,Normy,McGeoch,938-452-0049
327,Emelen,Blaschke,277-247-2640
328,Oliver,Baike,930-416-7071
329,Merla,Warne,775-989-0522
330,Timotheus,Cotillard,869-234-8040
331,Rickert,Lampart,321-524-5915
332,Stephanus,Grisenthwaite,577-143-8762
333,Violet,Fruen,373-297-1660
334,Britt,Rooms,253-146-0272
335,Bunnie,Oloman,176-325-4615
336,Allan,Spinelli,834-215-0951
337,Tana,Splevin,726-596-4802
338,Jacqui,Baddam,430-451-3307
339,Paxton,Downe,444-715-5414
340,Alden,Button,935-695-9489
341,Althea,Smallpiece,100-744-6904
342,Carlota,Serle,353-760-7136
343,Evelyn,Headon,588-241-5925
344,Barnabe,Stepney,878-572-7929
345,Kaela,Yellowley,899-722-9207
346,Orrin,Braddon,898-340-4796
347,Erek,Considine,957-695-0814
348,Danica,Lampe,507-658-5551
349,Flossi,Hiers,629-447-1071
350,Judith,Noad,347-109-2602
351,Bryna,Siss,347-168-6973
352,Karilynn,Ewens,648-512-0714
353,Guido,Kynge,761-534-2985
354,Tish,Sherman,560-900-2087
355,Charleen,Sever,909-253-5888
356,Delores,Noonan,723-319-7726
357,Maura,Wilman,420-818-5934
358,Nettie,Filipson,281-410-1550
359,Cheslie,Boxall,241-533-8788
360,Kissie,Legh,801-743-6522
361,Alard,Keightley,642-481-7054
362,Tabor,Poulsen,809-727-8550
363,Kessia,Trenaman,753-156-9390
364,Giffy,Gumm,311-697-3367
365,Crystie,Slack,250-380-8078
366,Elden,Kobelt,477-367-1175
367,Mel,Lowing,771-275-9209
368,Otis,Dalloway,685-136-6539
369,Helaina,Chavez,963-798-6705
370,Katerine,Gerram,481-772-1249
371,Lewiss,Rouch,430-153-3428
372,Kathleen,Wittey,214-626-3099
373,Samuel,Ammer,284-940-2612
374,Jacinda,Gothard,532-166-9717
375,Bryant,Brunsen,500-977-8322
376,Maddalena,Curling,147-447-1071
377,Babette,Southwell,329-617-5908
378,Jerrie,Bee,743-582-0916
379,Kristian,Westmoreland,172-142-2474
380,Vonny,Ivanchenkov,189-794-3715
381,Corey,Cheshir,588-730-8835
382,Katina,Moralis,316-835-0129
383,Jemie,Rivelin,711-104-4595
384,Lenard,Aguirrezabal,619-470-1696
385,Gennie,Corcoran,673-709-7585
386,Danita,Duckinfield,564-179-8862
387,Kirsten,Thrower,425-643-6267
388,Antoni,Ogilvy,313-608-4803
389,Pace,Kleyn,876-293-4438
390,Jerry,Southerns,494-275-1389
391,Iris,Darragh,687-996-1594
392,Myrtle,Reisenberg,904-667-8589
393,Humberto,Ingman,987-871-1514
394,Merla,Egre,274-371-0168
395,Marcello,Klempke,951-383-5958
396,Burton,Jee,301-601-0381
397,Xever,Comins,343-576-3505
398,Rivy,Dogg,422-163-1297
399,Brandy,Vanetti,643-701-3551
400,Magnum,Mousdall,125-584-7859
401,Terrie,Vigers,680-117-9261
402,Ezechiel,Goshawk,413-403-9120
403,Lilah,Ivers,787-231-3034
404,Penelopa,Le Grice,930-295-3309
405,Bartholemy,Sturgis,940-199-4024
406,Pamelina,Andryszczak,289-555-6241
407,Kylynn,Nesbitt,855-370-4393
408,Dee dee,Harkus,471-729-4368
409,Tiler,Trewett,977-691-1948
410,Leopold,Trice,302-735-0389
411,Ruttger,Balam,884-919-5827
412,Ashby,Simmans,152-787-4294
413,Budd,Mathy,765-819-8133
414,Ulrike,Labbati,661-957-8059
415,Fraser,Fasset,349-538-0327
416,Arleyne,Lissett,321-610-8837
417,Pollyanna,Ericsson,216-185-6791
418,Cele,Mooring,961-209-4076
419,Heidie,Huguenet,130-245-1450
420,Michel,Cleve,446-222-3383
421,Lizbeth,McGall,757-738-6529
422,Clareta,Readwood,714-592-0997
423,Ware,Elijah,538-964-8991
424,Rudie,Hanfrey,760-429-5759
425,Lenee,Lippini,772-970-1378
426,Rickie,Petasch,493-323-3960
427,Demeter,Panas,993-321-0694
428,Ruggiero,Snasel,678-234-1369
429,Abrahan,Farebrother,252-770-6660
430,Chrystel,Dudeney,418-706-6771
431,Kennett,Ensten,909-804-8494
432,Sande,Haruard,917-473-0899
433,Egbert,Zannutti,180-326-1093
434,Paloma,Dowker,531-598-5814
435,Tybie,Jewson,424-994-1928
436,Lionello,Hedworth,133-474-5925
437,Nedi,Milksop,296-269-4003
438,Korie,Bonefant,363-907-3679
439,Madel,Stronach,390-923-0379
440,Philomena,Baddam,160-925-7771
441,Georges,Murton,716-839-8328
442,Forrest,Zoanetti,571-701-7455
443,Martita,Sparke,491-418-1530
444,Augie,Pinn,208-518-1021
445,Maia,Tinto,438-994-6571
446,Ardyth,Crusham,914-252-4616
447,Addy,Windmill,700-500-6491
448,Roosevelt,Piwell,854-670-2004
449,Dorree,O'Collopy,601-726-4954
450,Norah,Pattie,659-702-6653
451,Emelen,Sidwick,516-718-4801
452,Virginie,Craythorn,702-886-7992
453,Nehemiah,Maciejewski,772-512-1775
454,Kissiah,Rosencwaig,834-822-6889
455,Clare,Dedden,368-568-1802
456,Amii,Lassells,669-189-1030
457,Lidia,Kubach,661-771-6418
458,Debra,Burgoyne,635-461-4034
459,Aileen,Roff,304-338-4523
460,Ashleigh,Yakubowicz,196-501-2578
461,Brendin,Dennehy,641-904-6595
462,Dix,Maxwale,332-259-2364
463,Livvyy,Gres,608-928-7612
464,Siegfried,Biner,593-806-6456
465,Wes,Aitchison,142-996-6133
466,Kally,Wein,779-609-2955
467,Ruperto,Miranda,725-380-2768
468,Nelie,Brownsmith,921-714-4861
469,Pollyanna,Hurne,359-728-9904
470,Boniface,Zoppo,327-134-6916
471,Carson,Noor,801-255-8713
472,Gene,L'Amie,770-892-5721
473,Jacinda,Humphries,323-877-3506
474,Chev,Edlin,238-283-7949
475,Celinda,Stapford,114-345-5697
476,Marlane,Rowcliffe,188-559-0526
477,Ripley,Pietz,177-950-2577
478,Layton,Scorer,463-548-6267
479,Jonathan,Bourgour,942-895-5796
480,Raymond,Jesson,525-520-7319
481,Carson,Rabbatts,629-206-6274
482,Lucilia,Stonebridge,690-757-4726
483,Nikos,Spurdle,880-621-0164
484,Sauveur,Zecchini,416-297-8335
485,Jonathan,Lakes,879-105-3758
486,Myrwyn,Fleet,592-178-8517
487,Kendrick,Showl,111-804-6484
488,Maryrose,Jowling,885-200-6584
489,Ella,McTague,138-298-2375
490,Celestyn,Pachmann,379-321-1066
491,Yancey,Desson,797-113-1624
492,Diann,Dawney,339-783-4611
493,Jonas,Overington,402-975-8623
494,Aviva,Eliaz,923-421-2236
495,Essie,Angeli,199-529-1925
496,Jacquenetta,Hasely,269-399-8879
497,Gannon,Hamill,923-804-0583
498,Drusy,O' Flaherty,666-336-8235
499,Prentice,Corradetti,932-160-2011
500,Kanya,Keynes,863-202-9053
501,Suzette,Tweede,114-378-2468
502,Emmet,Crichton,766-167-6901
503,Giff,Minot,200-833-7414
504,Rossie,Hirth,866-842-7515
505,Callida,Jorgesen,147-140-9848
506,Jessi,Tatterton,599-514-8401
507,Barton,Torn,677-263-3050
508,Sloan,Brimming,102-947-1000
509,Hendrik,Duddy,463-558-8531
510,Reade,McCaighey,785-823-0221
511,Marin,Wrathmall,473-952-3690
512,Garald,Harlick,484-908-1245
513,Bobbye,Vanshin,197-798-6997
514,Janos,Kall,395-142-4693
515,Billy,Pettisall,418-292-8388
516,Pavlov,Cranke,594-610-0255
517,Kort,Fadell,192-350-0089
518,Ulrikaumeko,Cratchley,568-941-1785
519,Eldin,Pressman,354-704-0875
520,Vivia,Kyston,637-823-6946
521,Ian,Tumilty,156-806-8414
522,Rodi,O'Dee,761-777-3461
523,Hinda,Lonsbrough,949-296-3135
524,Hale,Hunsworth,607-915-6601
525,Audie,Sutherel,320-562-7903
526,Jody,McTaggart,854-740-2653
527,Rycca,Targett,861-839-8500
528,Remington,Concklin,993-516-2851
529,Ceciley,Gionettitti,976-881-8868
530,Morgana,O'Shea,383-625-0261
531,Daffi,Nystrom,362-694-0201
532,Chane,Chattoe,493-218-5357
533,Allan,MacCafferty,723-951-8976
534,Francene,Delbergue,576-534-5980
535,Carole,Bywaters,289-407-9333
536,Megen,O'Gready,303-837-1849
537,Oralee,Malins,163-390-9047
538,Karol,Asker,639-713-8681
539,Flss,Moscon,300-800-1966
540,Clareta,Stithe,690-484-7674
541,Emmy,Manach,508-109-4605
542,Corrie,Sabattier,724-775-0843
543,Belita,Laudham,233-663-3766
544,Hunfredo,Mocher,585-218-0291
545,Faun,Alten,781-209-9041
546,Abie,Brenton,268-456-3845
547,Saleem,Marsay,406-992-5582
548,Clemente,Papachristophorou,395-934-4721
549,Dasie,Lynds,574-154-8925
550,Winfred,Sames,992-628-3069
551,Carrie,Yurukhin,198-530-3682
552,Karola,Hansford,502-678-0391
553,Madeline,Grelak,556-186-9605
554,Blaire,Stoodley,234-254-5298
555,Lorita,Chillingsworth,808-497-6726
556,Hailey,Kleinstein,984-368-8966
557,Esra,Barstowk,420-391-5799
558,Montague,D'Ambrosio,279-343-7333
559,Gran,Standing,517-461-7369
560,Friedrick,Moat,320-922-1656
561,Emmalee,Beckerleg,866-970-3019
562,Aggy,Grimmer,378-402-3717
563,Harlan,Pouck,781-285-5607
564,Karon,Ramshay,282-229-1718
565,Peggie,Battle,283-916-7768
566,Tasia,Maciejak,337-150-5111
567,Mark,Matthieson,427-467-0026
568,Oriana,Leghorn,652-854-3845
569,Janot,Brimblecombe,868-730-3923
570,Benji,Hancell,120-590-8732
571,Godard,McNeigh,506-587-2028
572,Andonis,Biddlecombe,151-279-1410
573,Anatole,McHale,566-745-0668
574,Ignace,Maiklem,144-789-6333
575,Huey,Dumbare,452-232-6853
576,Esta,Eskell,916-330-1250
577,Joelle,Owthwaite,530-396-7676
578,Harlene,Remnant,967-818-6048
579,Gerrard,Christophersen,857-752-4635
580,Lorna,Wilcox,586-793-7482
581,Mitch,Blissitt,593-611-6916
582,Vanni,Lettice,815-809-2562
583,Joannes,Allbones,816-445-0376
584,Gayle,Gabb,469-137-5181
585,Gardy,Chmiel,623-306-1425
586,Johnny,Corah,408-975-7284
587,Penn,Hoogendorp,863-146-8248
588,Mimi,Pitkeathly,186-301-3670
589,Felipe,Pohling,241-890-4036
590,Winnie,Cram,630-468-1397
591,Therese,Faichnie,343-716-4266
592,Hugibert,Cradick,271-599-5639
593,Cynthie,Connock,431-658-6260
594,Mandi,Tarr,728-210-7196
595,Reena,Dexter,585-144-9433
596,Gal,Jeenes,452-787-9149
597,Evania,Calven,516-697-2142
598,Georgianne,Curme,566-717-2526
599,John,Whitticks,678-265-0760
600,Christel,Syder,781-705-6883
601,Niven,Pyburn,805-385-5394
602,Virginia,MacGiffin,864-889-4616
603,Shel,Henrichs,188-511-8258
604,Galen,Dittson,171-777-4965
605,Arlen,Wilflinger,402-555-0296
606,Querida,Fones,603-742-4882
607,Ernst,Matuszak,192-188-0440
608,Bevon,Curner,421-166-2830
609,Aline,Yarham,377-656-5255
610,Kerrill,Crockley,619-590-2368
611,Theo,Blackmuir,485-360-1550
612,Angela,Domenicone,993-931-4813
613,Yoko,Dalliwatr,980-296-1636
614,Hyman,Reye,395-850-2789
615,Anatollo,Isenor,238-652-6995
616,Troy,Bearn,376-600-6486
617,Enrique,Placstone,977-330-5268
618,Marja,Derbyshire,347-824-4126
619,Bettina,Augur,799-451-5383
620,Kellen,Lilleman,582-158-3399
621,Werner,Kinnock,250-218-9448
622,Jessee,Hubber,882-243-7129
623,Shelby,Wiley,274-852-5506
624,Caryl,Morffew,238-435-1968
625,Nevile,Ronisch,295-975-0103
626,Blondie,Palethorpe,445-399-6530
627,Lenore,Derry,138-357-5456
628,Alfredo,Beare,263-281-6513
629,Sigrid,Aumerle,380-291-7029
630,Ranee,Ferronel,105-602-0639
631,Greta,Canon,431-885-1802
632,Ignacio,Von Helmholtz,733-968-7878
633,Bret,Boynton,532-595-2595
634,Florette,Glencross,237-962-8268
635,Danette,Quartly,672-711-5042
636,Melba,Krop,526-273-6857
637,Elisha,Musslewhite,840-653-6712
638,Cally,Nuscha,731-634-8303
639,Doroteya,Trouncer,553-805-8054
640,Estel,Hallgarth,180-991-1152
641,Pierre,Mardoll,918-784-3836
642,Babara,Bilton,969-685-5134
643,Sonny,Springett,868-867-1948
644,Silvain,Dosedale,936-108-2984
645,Willy,Pott,754-940-4624
646,Selina,Temlett,980-999-2908
647,Keslie,Tamas,526-918-5431
648,Sammy,Harston,441-475-0352
649,Abner,McWhannel,197-442-8325
650,Dorthy,Yanele,519-343-3372
651,Patrizia,Nolleth,870-846-5946
652,Nixie,Puve,288-938-9033
653,Junette,Tant,546-938-7555
654,Roz,Khrishtafovich,606-817-7232
655,Penn,Pinchback,657-442-7681
656,Cobbie,Behneke,875-678-3906
657,Marty,Meneyer,360-793-0314
658,Danila,Dennick,493-243-9263
659,Lek,Messer,645-281-3627
660,Lily,Dunston,729-105-0691
661,Felicia,Binny,412-345-6556
662,Norah,Travis,722-308-2346
663,Jordana,Ugoni,977-337-5476
664,Aviva,Awcoate,418-293-2017
665,Tam,Bulgen,857-948-9319
666,Shirley,Triner,378-244-2096
667,Robert,Janssens,404-272-6562
668,Christoper,Salzberger,150-462-5598
669,Xerxes,Helder,220-475-0435
670,Teresina,Fasham,135-163-3287
671,Lori,Faulconer,312-632-6936
672,Zita,Weatherhead,240-824-2101
673,Brucie,McWhinnie,611-316-3456
674,Demetra,Studeart,750-813-2457
675,Dennet,Parsons,235-492-8208
676,Eugenie,Henriquet,334-534-2302
677,Jeanne,Lidington,514-222-7822
678,Joana,Threader,175-266-6654
679,Tybie,Cockburn,649-827-0509
680,Anetta,Huriche,253-738-4519
681,Margarethe,Regler,652-247-4240
682,Irene,Bendixen,178-920-4816
683,Stanley,Dory,282-844-9439
684,Erin,Prior,908-664-5923
685,Christiane,Armistead,359-166-4428
686,Pearle,O'Shee,379-455-1271
687,Ashlan,Vigneron,227-240-2192
688,Jodie,Yvens,930-695-2293
689,Verile,Mebius,337-968-3950
690,Wadsworth,Likely,490-317-6618
691,Mara,Akitt,571-314-6541
692,Corie,Quesne,438-715-3455
693,Archibold,Dongles,879-817-7654
694,Jeffrey,Hustings,327-888-0446
695,Randi,Kingzet,704-403-8563
696,Florry,Dowry,808-466-7093
697,Patin,Goggen,882-952-2234
698,Clementia,Dillow,729-350-6236
699,Saunders,Sherebrook,440-976-7661
700,Travus,Lettington,712-684-5983
701,Adelaide,Trudgian,399-195-3746
702,Bucky,Shickle,452-164-1467
703,Annalise,Buxam,349-889-0349
704,Lacey,D'Oyley,434-849-4735
705,Suzy,Colliford,245-750-3410
706,Bronny,Morat,500-372-7014
707,Linnell,Instone,136-816-0895
708,Bea,Sellwood,266-605-5112
709,Merralee,Ducrow,454-391-0778
710,Corena,Gouldie,496-348-0231
711,Codi,McMillan,343-128-5198
712,Sascha,Grazier,756-363-7904
713,Shina,Ebanks,279-983-0371
714,Rory,Quantrill,531-728-8231
715,Mattie,Rainsbury,453-742-6561
716,Allis,Misselbrook,379-291-5704
717,Babara,Vidyapin,125-337-0664
718,Gayle,Derobert,841-725-7674
719,Jasen,Ioannou,169-857-7416
720,Lilas,Syce,632-849-3965
721,Doro,Miskelly,937-645-1525
722,Tommy,Sukbhans,732-367-0547
723,Ellette,Bullick,397-983-6798
724,Lou,Fritter,620-348-1409
725,Thomasin,Di Carlo,396-322-5540
726,Ebonee,Bleddon,145-175-4394
727,Lucilia,Massingberd,821-165-4559
728,Natty,Ibbs,301-980-9922
729,Billy,Ateridge,209-246-0150
730,Sherwin,Bolletti,546-742-5041
731,Jeanna,Short,282-483-9378
732,Joleen,Snailham,806-897-7082
733,Timoteo,Pottes,146-699-6438
734,Doralia,Parrington,676-385-3584
735,Minnaminnie,Taylo,913-716-2379
736,Loreen,Chidlow,277-582-2608
737,Boote,Oag,117-486-9419
738,Umeko,Iston,192-825-5215
739,Estelle,Esmead,875-451-5521
740,Amber,Callaway,308-298-7323
741,Gabby,Elster,646-643-2461
742,Saxe,Winwright,114-368-5574
743,Randy,Donaher,304-610-7109
744,Ruthe,Euler,747-395-7383
745,Clevey,Stirzaker,279-504-5101
746,Rowe,Dimitrijevic,183-716-8201
747,Roxane,Middlewick,947-607-5023
748,Thaxter,Dungay,237-217-9832
749,Elsey,Edmondson,146-207-3354
750,Jessy,Hagstone,628-575-6805
751,Fifine,Cello,886-511-9426
752,Woody,Kitt,660-659-5595
753,Maryl,Younger,455-174-0423
754,Bernadene,Downer,399-962-7010
755,Chrotoem,Reynard,733-299-7210
756,Karlen,Machin,378-435-7961
757,Dorette,Grinston,914-905-1104
758,Gilberte,Silwood,612-775-3929
759,Wilmer,Coch,360-685-4173
760,Mannie,Simao,523-828-5699
761,Bertram,Prestwich,153-391-0884
762,Meriel,Antognazzi,876-580-2349
763,Barry,Cowper,385-461-8831
764,Claude,Birmingham,903-528-0956
765,Daryn,Getcliffe,689-559-6677
766,Welbie,Allner,137-958-2830
767,Bernadina,Yendle,796-588-6598
768,Amil,Di Bernardo,821-323-1895
769,Viola,Bateup,584-755-2843
770,Maggee,Barrat,776-746-2330
771,Kean,Andresser,580-184-2177
772,Maitilde,Petchell,863-405-1470
773,Doris,Haug,305-451-2451
774,Clerc,Wrenn,618-673-5026
775,Roland,Chalder,942-518-6473
776,Jackie,Picheford,910-350-5115
777,Drucy,Arnaudin,646-891-5419
778,Lucienne,Poller,563-535-9872
779,Von,Woltering,479-845-0730
780,Brenda,Godney,893-857-0291
781,Lelia,Meredyth,803-156-8467
782,Daryl,Gidney,608-176-2071
783,Miner,Ewers,335-925-8110
784,Carley,Gerran,900-319-9681
785,Rebeca,Themann,888-143-2994
786,Remington,Pletts,900-410-7296
787,Gayel,Lambarth,276-419-1485
788,Angelico,Downing,879-443-9719
789,Emanuel,Chettle,640-436-9714
790,Coleman,Jeayes,593-823-5946
791,Conny,Ellesworthe,471-107-3221
792,Teresina,Glavias,340-339-5664
793,Melamie,Degoy,209-443-0260
794,Wake,Boundey,940-521-7555
795,Yvon,Langmead,394-154-7980
796,Wayne,Steeples,723-258-1771
797,Kristy,Nevitt,178-635-3717
798,Quill,Bloom,307-228-9113
799,Walt,Cheavin,870-476-2598
800,Odell,Knutsen,974-251-0035
801,Micaela,Stithe,805-770-0414
802,Lyda,Furness,214-723-6695
803,Harmonie,Bartholat,804-589-2196
804,Roxie,Sigart,980-187-1572
805,Niel,Vesque,398-841-7481
806,Yvon,Murden,151-663-9062
807,Westley,Trevaskis,464-589-2271
808,Chaddie,Hover,148-919-2501
809,Rita,Goulbourne,187-745-8849
810,Fran,Goodisson,579-181-2643
811,Hugo,Scarisbrick,735-604-5489
812,Lucia,Orringe,204-920-0245
813,Karol,Candie,189-692-3316
814,Isahella,Whinney,761-746-6627
815,Jsandye,Oakman,849-648-0427
816,Deva,Peyto,390-131-2652
817,Yvor,Sutherns,564-553-5342
818,Gwenette,Gronav,409-948-5012
819,Nara,Brugmann,933-247-1262
820,Abraham,Suche,213-629-9704
821,Bealle,Milborn,520-746-2916
822,Davin,Reboul,747-921-0193
823,Garth,Helleckas,427-645-9822
824,Robinia,Wimms,983-834-3026
825,Erick,Roderham,581-454-3755
826,Prentice,Livingstone,903-315-3667
827,Stacey,Tytterton,307-424-6702
828,Ethelbert,McLaine,765-995-7207
829,Devonne,Stife,593-811-9729
830,Leigh,Carslake,558-417-6561
831,Elden,Emson,296-513-6086
832,Marena,Lamswood,983-141-3794
833,Auguste,Keoghan,260-340-8787
834,Perceval,Rossin,593-247-6909
835,Budd,Finker,957-646-6678
836,Efren,Matts,450-603-0842
837,Ogdan,Bilney,640-634-4084
838,Orazio,Sidnell,722-364-9271
839,Nathan,Blowing,181-119-5190
840,Kimberlee,McNuff,385-621-3787
841,Thane,Sedge,241-182-8015
842,Gussy,Kleinbaum,479-870-0392
843,Nicolea,Lloyds,576-811-7331
844,Noby,Simond,116-921-0891
845,Tomasina,Feilden,637-137-3932
846,Den,McDavid,459-568-0291
847,Evaleen,Whiston,428-387-4565
848,Maitilde,Wesley,361-137-3350
849,Orella,Krzyzowski,849-719-4048
850,Magdalen,Brabben,679-889-6939
851,Zarah,Bovaird,994-567-7539
852,Juliane,Wollen,297-468-8683
853,Lydia,Harburtson,880-782-7444
854,Anni,Painter,155-907-3963
855,Pietro,Billings,922-448-0332
856,Wandis,Diaper,995-851-1435
857,Deena,Laird-Craig,541-900-0499
858,Lanie,Roulston,205-115-3297
859,Starr,Letson,878-992-3543
860,Sydelle,Monnelly,195-831-5083
861,Leila,Jensen,747-904-1066
862,Iris,Scotchmoor,622-468-5926
863,Mikey,De Vaar,601-492-3818
864,Hyacintha,Baxstare,158-715-4723
865,Gunar,Ollivierre,151-243-7836
866,Lennard,O'Mullally,678-422-1835
867,Tawsha,Garvie,163-464-6668
868,Dimitry,Najara,153-960-2249
869,Ardelis,Hancock,472-610-8212
870,Cart,Aikman,777-627-3785
871,Candi,Cockren,324-336-7775
872,Dian,Wooffinden,700-768-0300
873,Cly,O'Dogherty,141-393-2404
874,Alex,Massingham,139-713-8303
875,Hyacinth,Georgi,480-542-5314
876,Hatti,Dahlberg,414-749-2528
877,Koralle,Nockalls,349-151-3465
878,Marlo,Costan,260-524-1151
879,Georgy,Sigert,265-375-9695
880,Arel,Mulkerrins,156-918-5576
881,Bartie,Rolls,601-137-1253
882,Werner,Simonot,697-365-0530
883,Verge,Pedri,590-326-7234
884,Dukie,Sloam,594-507-8012
885,Tully,Westlake,859-158-0008
886,Berkley,Chasles,182-622-0347
887,Petronilla,Du Hamel,443-692-5927
888,Dorthy,Grinaway,800-894-4764
889,Kariotta,Hardaway,399-747-8275
890,Trixi,Timoney,656-681-3405
891,Barris,Jakubovits,757-588-2915
892,Wallas,Febry,599-905-0996
893,Leroy,Ker,826-658-7808
894,Ezra,Gaytor,910-633-2390
895,Wileen,Handman,232-595-4375
896,Lucie,Jaspar,578-990-5961
897,Brnaba,Redgate,316-907-8239
898,Isa,Dugall,353-991-0176
899,Rena,Sorton,658-635-6540
900,Raquela,Heikkinen,621-183-7373
901,Adriaens,Matijasevic,989-631-0877
902,Amanda,Malenoir,863-345-5008
903,Patrizius,Cawthorn,825-520-6476
904,Dennie,Harniman,382-541-5158
905,Levi,Osmant,519-828-7421
906,Patrica,Osban,557-459-6303
907,Dilan,Cristofor,850-701-4034
908,Jennette,Pauley,732-415-3299
909,Katharina,Jeffs,470-779-3999
910,Englebert,Bloss,806-221-5569
911,Linnea,Reagan,223-571-5503
912,Gabie,Cuthbert,483-617-4940
913,Vinnie,Couves,483-451-8361
914,Netti,Grafom,175-613-1046
915,Robb,Halmkin,129-540-4760
916,Ardenia,Merricks,914-404-6917
917,Ogden,McAndie,264-404-4600
918,Polly,Witherbed,390-726-2621
919,Lynnette,Oakeshott,883-202-5063
920,Coral,Newis,494-198-1883
921,Flo,Chapling,919-376-6157
922,Hermie,Jarnell,618-663-1372
923,Gerhard,Kohnen,377-189-2328
924,Gibby,Rasor,551-526-8918
925,Blaire,Tanzer,333-256-5227
926,Modestine,Jager,375-114-6469
927,Ekaterina,Darnborough,644-908-2177
928,Marabel,Dudenie,588-989-6231
929,Eric,Lanston,660-318-8346
930,Lurlene,Lightwing,622-395-4305
931,Barrett,Jobin,322-356-2176
932,Jeno,Simonel,617-509-7238
933,Orelie,McAlester,364-335-0517
934,Sara-ann,Waters,517-560-4792
935,Chickie,Emmer,763-311-8922
936,Krysta,Tasker,610-170-6490
937,Bill,Serot,550-180-2493
938,Staffard,Carden,468-415-5332
939,Penrod,Fluit,541-243-0874
940,Gwendolyn,Este,206-547-4503
941,Eda,Varran,587-565-9146
942,Coralyn,Awdry,882-883-5940
943,Tyson,Peagram,622-689-0079
944,Sarette,Rosso,954-260-4102
945,Adriena,Vasilyev,815-658-5632
946,Killy,Rey,488-361-7342
947,Anne-marie,Sheppard,501-285-4865
948,Pietro,Gradley,974-148-0404
949,Monro,Hardwidge,587-674-9849
950,Jordana,Cossar,678-113-1117
951,Pavel,Dartnall,105-101-5755
952,Aeriell,Dybbe,361-485-1264
953,Giacopo,Scolding,785-435-0106
954,Lucila,Kernocke,561-414-5133
955,Juan,Cockshut,790-679-2220
956,Tom,Brayley,536-947-2836
957,Dael,Cicchelli,407-394-3940
958,Thatch,Dowgill,552-544-3639
959,Riki,Ruller,443-448-3656
960,Adrian,Gaveltone,436-140-5556
961,Taryn,Downie,497-674-2770
962,Mellie,Mowsdale,219-515-8028
963,Jean,Strange,457-528-5608
964,Afton,McLeese,981-526-9001
965,Corene,Izzard,121-224-5515
966,Bonnee,Noods,740-107-6237
967,Marris,Blanking,551-338-6250
968,Carlynne,Gasker,501-326-5927
969,Gabrielle,Esilmon,797-128-3038
970,Rubina,Esby,890-659-3062
971,Randal,Derwin,355-856-5734
972,Meggi,Maddin,447-228-7142
973,Dickie,Scurman,100-423-7770
974,Lucias,Heams,138-698-6860
975,Cyndy,Whorton,352-236-1756
976,Chiarra,Hebner,861-847-7349
977,Marney,Lozano,781-496-5282
978,Lewiss,Whipple,109-400-1790
979,Tabby,Van Oort,435-405-5159
980,Deva,Benneyworth,715-726-8015
981,Ammamaria,Seeborne,101-520-9045
982,Angelia,McGlone,340-273-4930
983,Arlyn,Jakubovsky,584-607-9520
984,Hedwiga,Nockolds,755-786-7235
985,Granny,Cosgrave,529-696-3220
986,Prudence,Lambshine,800-507-4931
987,Josepha,Perse,860-341-2494
988,Karilynn,Pardie,921-370-1927
989,Cazzie,Scotchmoor,913-975-6762
990,Shawn,Kitley,880-738-3478
991,Urbanus,Rosewell,821-695-5713
992,Orsa,Ladbury,762-554-9058
993,Leontyne,Wield,214-194-7557
994,Samara,Hawking,283-960-4868
995,Viviyan,Hawley,792-833-3131
996,Madlen,Whittingham,393-697-2271
997,Cairistiona,Harragin,337-223-2658
998,Reese,Dimitriev,822-578-1044
999,Clair,Bleacher,436-906-1621
1000,Emory,Touson,531-673-4179
